seq,seq_list,BP_Name,mean_rating,seq_length,unique_pitches,log_len,interval,entropy
0 0 0 0 0 0 0 0 0 0 0 0,,221103_HSUN.txt,22.125,12,1,3.584962500721156,,-0
0 0 0 0 1,,221206_VPAT.txt,13.25,5,2,2.321928094887362,,0.8112781244591328
0 0 0 0 1 1 1 1 2 2 2 2 3 3 3 3 4 4 4 4 5 5 5 5 6 6 6 6 7 7 7 7 8 8 8 8 9 9 9 9 9 9 9 9 8 8 8 8 7 7 7 7 6 6 6 6 5 5 5 5 4 4 4 4 3 3 3 3 2 2 2 2 1 1 1 1 0 0 0 0,,221201_DSAR.txt,70.42857142857143,80,10,6.321928094887363,,1.00208925935055
0 0 0 0 12,,221206_VPAT.txt,12.333333333333334,5,2,2.321928094887362,,0.8112781244591328
0 0 0 0 2 4 1 6 7 8 1 2 0,,221208_TNGU.txt,77.33333333333333,13,7,3.700439718141092,,2.6258145836939115
0 0 0 1 0 8 0 2 0 0,,221110_YAND.txt,54.8,10,4,3.321928094887362,,2.6416041678685933
0 0 0 1 2 0 0 0 0 0 0 0,,221129_MMCA.txt,38.41666666666667,12,3,3.584962500721156,,1.0957952550009336
0 0 0 1 4 8 9 10 4 0,,221110_YAND.txt,60.42857142857143,10,6,3.321928094887362,,2.4193819456463714
0 0 0 11 10 11 10 8,,221121_ASAB.txt,55.8,8,4,3,,2.2359263506290326
0 0 10 10 1,,221206_VPAT.txt,48.4,5,3,2.321928094887362,,1.5
0 0 10 12 5,,221206_HDAN.txt,36.9,5,4,2.321928094887362,,2
0 0 2 3 1 2 3 4 7 8 10 12,,221013_NMON.txt,58.35,12,9,3.584962500721156,,1.971747257128181
0 0 2 3 1 2 3 4 7 8 3 1,,221013_NMON.txt,75.94736842105263,12,7,3.584962500721156,,2.2221915755066783
0 0 2 4 12 4 4 6 2 2 1 0 0,,221209_GKAN.txt,69.57142857142857,13,6,3.700439718141092,,2.3553885422075336
0 0 3 9 5,,221206_HDAN.txt,51.888888888888886,5,4,2.321928094887362,,2
0 0 4 6 1,,221206_VPAT.txt,49.14285714285714,5,4,2.321928094887362,,2
0 0 4 6 9,,221206_VPAT.txt,34.8,5,4,2.321928094887362,,2
0 0 5 10 1,,221206_VPAT.txt,42.333333333333336,5,4,2.321928094887362,,1.5
0 0 5 2 1,,221027_RTAB.txt,17.8,5,4,2.321928094887362,,2
0 0 8 9 4 8 9 10 4 0,,221110_YAND.txt,83.625,10,5,3.321928094887362,,2.6416041678685933
0 1 0 0 8 6 5 7 10 0 9 7,,221103_SGOT.txt,92.5,12,8,3.584962500721156,,3.0957952550009344
0 1 0 1 0 1 0 1 0 0 1 3 1 2 1 0 1 0,,221103_HSUN.txt,83.1,18,4,4.169925001442312,,1.775523493673489
0 1 0 2 1 3 5 2 5 1 10 11 12,,221206_VPAT.txt,83.6,13,8,3.700439718141092,,2.625814583693911
0 1 0 2 1 3 5 2 5 1 7 4 1,,221206_VPAT.txt,88.88888888888889,13,7,3.700439718141092,,2.625814583693911
0 1 0 9 1 3 11 2 5 1 7 4 1,,221206_VPAT.txt,81.875,13,9,3.700439718141092,,3.418295834054489
0 1 0 9 1 3 11 2 9 1 7 4 1,,221206_VPAT.txt,83,13,8,3.700439718141092,,3.2516291673878226
0 1 1 0 1 5 6 12 5 9 10 11 8,,221206_VPAT.txt,91.66666666666667,13,9,3.700439718141092,,2.4508257945180887
0 1 1 2 4 2 6 4 8 6 10 7 12,,221110_EGIL.txt,91.84615384615384,13,9,3.700439718141092,,2.6258145836939115
0 1 1 8 1 0 0 2 1 2 10 3 2,,221013_NMON.txt,67.63157894736842,13,6,3.700439718141092,,2.6887218755408666
0 1 2 2 4 3 3 7 8 10 9 4 12,,221206_HDAN.txt,82.42857142857143,13,10,3.700439718141092,,2.688721875540867
0 1 2 2 4 3 3 7 8 10 9 4 8,,221206_HDAN.txt,73,13,9,3.700439718141092,,2.5220552088742005
0 1 2 2 7 9 8 10 8 10 9 11 8,,221206_HDAN.txt,86.85714285714286,13,8,3.700439718141092,,2.584962500721156
0 1 2 3 2 3 6 3 8 9 8 11 12,,221206_HDAN.txt,66.42857142857143,13,9,3.700439718141092,,1.9591479170272446
0 1 2 3 4 3 3 7 8 10 9 11 12,,221206_HDAN.txt,66.25,13,11,3.700439718141092,,1.9591479170272446
0 1 2 3 4 3 3 7 8 10 9 4 12,,221206_HDAN.txt,72.75,13,10,3.700439718141092,,2.4508257945180882
0 1 2 3 4 4 3 8 9 9 10 10 12,,221206_HDAN.txt,63.833333333333336,13,9,3.700439718141092,,1.896240625180289
0 1 2 3 4 5 10 7 8 10 9 11 12,,221206_HDAN.txt,64.55555555555556,13,12,3.700439718141092,,1.780672129520887
0 1 2 3 4 5 3 7 8 5 6 11 12,,221206_HDAN.txt,76.14285714285714,13,11,3.700439718141092,,1.584962500721156
0 1 2 3 4 5 3 7 8 9 10 11 12,,221206_HDAN.txt,59.375,13,12,3.700439718141092,,0.8166890883150209
0 1 2 3 4 5 6 10 9 10 12 11 12,,221129_MMCA.txt,68,13,11,3.700439718141092,,1.4182958340544896
0 1 2 3 4 5 6 4 8 5 10 6 12,,221028_AGRA.txt,63.166666666666664,13,10,3.700439718141092,,2.292481250360578
0 1 2 3 4 5 6 7 8 6 6 6 6,,221110_EGIL.txt,51,13,9,3.700439718141092,,1.188721875540867
0 1 2 3 4 5 6 7 8 9 10 11 11,,221110_EGIL.txt,32,13,12,3.700439718141092,,0.41381685030363374
0 1 2 3 4 5 6 7 8 9 10 11 12,,221110_EGIL.txt,23.09090909090909,13,13,3.700439718141092,,-0
0 1 2 3 4 5 6 7 8 9 10 11 8,,221206_VPAT.txt,43.22222222222222,13,12,3.700439718141092,,0.41381685030363374
0 1 2 4 7 9 8 10 8 10 9 11 8,,221206_HDAN.txt,86,13,9,3.700439718141092,,2.2841591278514217
0 1 3 3 4 5 6 4 3 1 1,,221108_APAR.txt,67.63636363636364,11,6,3.4594316186372973,,2.121928094887362
0 1 3 3 4 5 6 4 3 2 1,,221108_APAR.txt,50,11,7,3.4594316186372973,,2.046439344671015
0 1 3 8 3 5 3 5 3 7 2 7 2,,221110_ADEL.txt,72.6,13,7,3.700439718141092,,2.4591479170272446
0 1 5 3 2 5 6 2 8 5 10 11 6,,221110_ADEL.txt,75.2,13,9,3.700439718141092,,3.188721875540867
0 1 5 3 2 6 6 6 6 5 10 11 6,,221110_ADEL.txt,82,13,8,3.700439718141092,,2.688721875540867
0 1 5 3 4 5 6 7 8 9 10 11 12,,221206_VPAT.txt,64.63636363636364,13,12,3.700439718141092,,0.8166890883150209
0 1 5 3 7 5 12 12 8 9 10 11 12,,221206_VPAT.txt,81.33333333333333,13,10,3.700439718141092,,2.2841591278514217
0 1 5 9 7 11 12 12 8 9 12 11 12,,221206_VPAT.txt,62.44444444444444,13,8,3.700439718141092,,2.5220552088742005
0 10 4 10 4 10,,221110_YAND.txt,32,6,3,2.584962500721156,,1.5219280948873621
0 10 6 6 7 10,,221115_TBAR.txt,33.142857142857146,6,4,2.584962500721156,,2.321928094887362
0 12 0 8 12,,221116_ILEC.txt,43.333333333333336,5,3,2.321928094887362,,2
0 12 4 8 7 10,,221017_ABUR.txt,62.16666666666667,6,6,2.584962500721156,,2.321928094887362
0 12 5 7 4 9 2 4 5 6 7 3 4 2 0,,221108_YDIN.txt,98,15,9,3.9068905956085187,,2.8073549220576046
0 2 0 1 0 0 0 1 6 0 0 0,,221103_HSUN.txt,73,12,4,3.584962500721156,,2.5503407095463886
0 2 0 1 0 0 2 1 0 2 9 0,,221103_HSUN.txt,79.25,12,4,3.584962500721156,,2.5949066182439395
0 2 0 2 2 2 0 2 2 2 0 2 0,,221101_RCOH.txt,63.55555555555556,13,2,3.700439718141092,,1.584962500721156
0 2 0 4 6 0 9 7 0 7 8 5 3 1 0,,221107_EDRU.txt,94.5,15,10,3.9068905956085187,,3.09306920777189
0 2 0 7 0 3,,221129_MMCA.txt,32.8,6,4,2.584962500721156,,2.321928094887362
0 2 1 3 4 7,,221013_NMON.txt,47.758620689655174,6,6,2.584962500721156,,1.9219280948873623
0 2 2 5 4 2 6 4 2 7 2 9 6,,221129_MMCA.txt,72.4,13,7,3.700439718141092,,3.188721875540867
0 2 3 0 7 6 4,,221017_ABUR.txt,50,7,6,2.807354922057604,,2.584962500721156
0 2 4 2 0,,221201_DSAR.txt,27.77777777777778,5,3,2.321928094887362,,1
0 2 4 4 11 10,,221103_SGOT.txt,50.4,6,5,2.584962500721156,,1.9219280948873623
0 2 4 6 8 10 12,,221117_DSHA.txt,26.7,7,7,2.807354922057604,,-0
0 2 5 0 2 6 0 2 7,,221206_SSUW.txt,58.8,9,5,3.169925001442312,,2.4056390622295662
0 2 5 7 5 7 10 12,,221206_SSUW.txt,75,8,6,3,,1.3787834934861753
0 3 10 0 4 7 3 7 10 0 2 10,,221103_SGOT.txt,74.36363636363636,12,6,3.584962500721156,,2.663532754804255
0 3 11 6 7 10,,221115_TBAR.txt,56,6,6,2.584962500721156,,1.9219280948873623
0 3 12 1 5 5,,221110_EGIL.txt,63.9,6,5,2.584962500721156,,2.321928094887362
0 3 2 7 3 10,,221206_HDAN.txt,34.25,6,5,2.584962500721156,,2.321928094887362
0 3 2 7 3 5,,221206_HDAN.txt,25.25,6,5,2.584962500721156,,2.321928094887362
0 3 4 4 3 10,,221206_HDAN.txt,54.214285714285715,6,4,2.584962500721156,,2.321928094887362
0 3 4 4 4 5,,221110_EGIL.txt,45.666666666666664,6,4,2.584962500721156,,1.5219280948873621
0 3 4 4 5 5,,221110_EGIL.txt,36.4,6,4,2.584962500721156,,1.5219280948873621
0 3 4 5 6 6 7 8 10 10 9 6,,221007_SFOR.txt,65.17857142857143,12,9,3.584962500721156,,2.2221915755066783
0 3 4 6 5 10,,221121_MSAI.txt,40.666666666666664,6,6,2.584962500721156,,2.321928094887362
0 3 4 6 7 10,,221110_EGIL.txt,36.75,6,6,2.584962500721156,,1.5219280948873621
0 3 4 6 7 6,,221209_GKAN.txt,55,6,5,2.584962500721156,,1.9219280948873623
0 3 5 0 3 8,,221206_SSUW.txt,74.11111111111111,6,4,2.584962500721156,,1.9219280948873623
0 3 5 1 11 5,,221110_EGIL.txt,56.666666666666664,6,5,2.584962500721156,,2.321928094887362
0 4 7 3 8 10 6 8 10 3 6 10,,221020_AFEB.txt,81.51515151515152,12,7,3.584962500721156,,2.481714572986073
0 5 0 0 1 0 5 0 1 0 5 0,,221007_SFOR.txt,59.74074074074075,12,3,3.584962500721156,,2.2312702546075758
0 5 0 0 1 12 5 0 1 0 5 0,,221007_SFOR.txt,85.14285714285714,12,4,3.584962500721156,,2.6635327548042547
0 5 0 2 0,,221025_HYEN.txt,64.63636363636364,5,3,2.321928094887362,,2
0 5 10 10 12,,221206_VPAT.txt,34,5,4,2.321928094887362,,1.5
0 5 3 8 5,,221104_RTIA.txt,51.142857142857146,5,4,2.321928094887362,,1.5
0 5 4 3 0 0 0 5 4 5 0 0,,221129_MMCA.txt,60.166666666666664,12,4,3.584962500721156,,2.4130884364257574
0 5 7 0 1 12 0 0 1 0 1 0,,221007_SFOR.txt,74.41666666666667,12,5,3.584962500721156,,2.8453509366224368
0 5 7 2 0,,221025_HYEN.txt,39.53846153846154,5,4,2.321928094887362,,2
0 6 0 0 8 9 5 7 10 0 9 7,,221103_SGOT.txt,66.36363636363636,12,7,3.584962500721156,,3.459431618637298
0 6 0 5 1 6 8 11 0 0 9 4,,221103_SGOT.txt,65.66666666666667,12,8,3.584962500721156,,3.277613436819116
0 6 0 5 1 6 8 5 0 0 9 4,,221103_SGOT.txt,81.4,12,7,3.584962500721156,,3.0957952550009344
0 6 0 9 1 3 11 2 9 1 7 4 1,,221206_VPAT.txt,82,13,9,3.700439718141092,,3.084962500721156
0 6 1 4 6 5,,221013_NMON.txt,50.068965517241374,6,5,2.584962500721156,,2.321928094887362
0 6 10 0 4 7 3 5 10 0 6 10,,221103_SGOT.txt,76.4,12,7,3.584962500721156,,2.663532754804255
0 6 10 0 4 7 3 7 10 0 6 10,,221103_SGOT.txt,83,12,6,3.584962500721156,,2.186704345910025
0 6 10 0 4 7 3 7 5 0 6 10,,221206_HDAN.txt,58,12,7,3.584962500721156,,2.5503407095463886
0 6 10 0 8 7 3 7 10 0 6 10,,221206_HDAN.txt,77.2,12,6,3.584962500721156,,2.663532754804255
0 6 10 0 8 7 3 7 3 7 6 10,,221206_HDAN.txt,79.125,12,6,3.584962500721156,,2.3685225277282065
0 6 10 0 8 7 3 7 6 7 6 10,,221206_HDAN.txt,84.4,12,6,3.584962500721156,,2.5949066182439395
0 6 10 0 8 7 3 7 6 7 9 10,,221206_HDAN.txt,82.8,12,7,3.584962500721156,,2.913977073182752
0 6 10 0 8 9 5 7 10 0 6 7,,221103_SGOT.txt,97.33333333333333,12,7,3.584962500721156,,2.9139770731827523
0 6 10 6 8 7 10 7 10 7 9 10,,221206_HDAN.txt,103.5,12,6,3.584962500721156,,2.9139770731827523
0 6 10 6 8 7 10 7 6 7 9 10,,221206_HDAN.txt,84.71428571428571,12,6,3.584962500721156,,2.913977073182752
0 6 10 6 8 7 3 7 6 7 9 10,,221206_HDAN.txt,86.375,12,7,3.584962500721156,,2.5503407095463886
0 6 2 0 4 0 3 7 8 0 7 8,,221021_SAPE.txt,82.08695652173913,12,7,3.584962500721156,,2.9139770731827523
0 6 3 0 10 7 12 7 9 12 12 12,,221206_VPAT.txt,89.75,12,7,3.584962500721156,,2.845350936622437
0 6 3 0 10 7 3 7 2 0 0 10,,221206_VPAT.txt,87.33333333333333,12,6,3.584962500721156,,2.8453509366224368
0 6 3 0 4 7 3 7 10 0 6 10,,221206_VPAT.txt,86.66666666666667,12,6,3.584962500721156,,2.4817145729860726
0 6 3 4 10 11,,221207_HWEN.txt,45.5,6,6,2.584962500721156,,1.5219280948873621
0 6 4 9 1 3 11 2 9 1 7 4 1,,221206_VPAT.txt,88.77777777777777,13,9,3.700439718141092,,3.084962500721156
0 6 6 0 4 5 3 6 6 0 6 10,,221110_EGIL.txt,82.77777777777777,12,6,3.584962500721156,,2.7321588913645702
0 6 7 0 4 7 3 7 10 0 6 10,,221103_SGOT.txt,87.66666666666667,12,6,3.584962500721156,,2.6635327548042547
0 6 7 0 7 0 5 7 2 0 7 6,,221021_SAPE.txt,66.66666666666667,12,5,3.584962500721156,,3.0957952550009344
0 6 8 0 4 7 3 7 8 0 6 10,,221201_SMAL.txt,77.6,12,7,3.584962500721156,,2.663532754804255
0 6 8 0 6,,221017_ABUR.txt,48.54838709677419,5,3,2.321928094887362,,1.5
0 7 10 7 0,,221209_SKHA.txt,32,5,3,2.321928094887362,,2
0 7 4 5 4 3 6 7 4 12,,221110_YAND.txt,86,10,7,3.321928094887362,,2.5032583347756456
0 7 4 7 0,,221209_SKHA.txt,29,5,3,2.321928094887362,,2
0 7 5 10 1,,221206_VPAT.txt,40.27272727272727,5,5,2.321928094887362,,2
0 7 5 10 2,,221104_RTIA.txt,57.09090909090909,5,5,2.321928094887362,,2
0 8 0 8 5 7 0 5 7 0 0 6,,221103_SGOT.txt,86.77777777777777,12,5,3.584962500721156,,2.9139770731827523
0 8 4 1 2 6,,221013_NMON.txt,68.5,6,6,2.584962500721156,,2.321928094887362
0 9 0 10 3 6 8 6 10 0 9 7,,221103_SGOT.txt,94.83333333333333,12,7,3.584962500721156,,3.095795255000934
0 9 0 5 3 6 8 11 10 0 9 4,,221103_SGOT.txt,92.125,12,9,3.584962500721156,,3.095795255000934
0 9 0 5 3 6 8 6 10 0 9 4,,221103_SGOT.txt,88.6,12,8,3.584962500721156,,3.095795255000934
0 9 9 8 8 8 8 7 8 0 6 3,,221201_SMAL.txt,59.166666666666664,12,6,3.584962500721156,,2.5503407095463886
1 1 1 1 1 1 1 1 1 0 0 0,,221013_NMON.txt,26.791666666666668,12,2,3.584962500721156,,0.4394969869215134
1 1 1 1 1 2 9 1 1 6 2 6,,221013_NMON.txt,56.59375,12,4,3.584962500721156,,2.4040097573248604
1 1 1 1 2 2 2 2 3 3 3 3 7,,221110_YAND.txt,26.571428571428573,13,4,3.700439718141092,,1.0408520829727552
1 1 2 3 2 4,,221028_AGRA.txt,44.142857142857146,6,4,2.584962500721156,,1.9219280948873623
1 1 4 4 6 6 4 4 8 8 8 6 6,,221129_AHOF.txt,62.44444444444444,13,4,3.700439718141092,,1.780672129520887
1 10 0 0 0 0,,221013_NMON.txt,17.8,6,3,2.584962500721156,,1.3709505944546687
1 10 1 1 6,,221101_KGAN.txt,33.25,5,3,2.321928094887362,,2
1 10 2 9 3 8,,221104_CCHA.txt,107,6,6,2.584962500721156,,2.321928094887362
1 10 8 8 10,,221028_GMAC.txt,61.142857142857146,5,3,2.321928094887362,,2
1 10 9 4 9,,221025_HYEN.txt,76.25,5,4,2.321928094887362,,2
1 11 1 11 3,,221101_KGAN.txt,29,5,3,2.321928094887362,,1.5
1 11 4 11 3,,221101_KGAN.txt,50,5,4,2.321928094887362,,2
1 11 8 11 9,,221101_KGAN.txt,45.2,5,4,2.321928094887362,,2
1 12 1 8 12,,221116_ILEC.txt,50.5,5,3,2.321928094887362,,2
1 12 12 12 12,,221027_RTAB.txt,32.1,5,2,2.321928094887362,,0.8112781244591328
1 12 5 0 0,,221209_SKHA.txt,19.428571428571427,5,4,2.321928094887362,,2
1 12 5 3 0,,221209_SKHA.txt,22.9,5,5,2.321928094887362,,2
1 2 1 1 2 3 2 2 3 4 3 3 4,,221110_YAND.txt,67.14285714285714,13,4,3.700439718141092,,1.5
1 2 1 2 1 2 3 2 3 2 3 4 3 4 3,,221107_EDRU.txt,71,15,4,3.9068905956085187,,0.9852281360342515
1 2 1 4 2 3 2 4 3 4 3 4 4,,221110_YAND.txt,73.375,13,4,3.700439718141092,,2.251629167387823
1 2 2 2 2 3 3 3 5 5 5 7 7,,221129_AHOF.txt,70.16666666666667,13,5,3.700439718141092,,1.2516291673878228
1 2 3 2 3 2,,221205_DJAN.txt,48.285714285714285,6,3,2.584962500721156,,0.9709505944546686
1 2 3 3 2 4 1 4 2 4 1 2 0,,221208_TNGU.txt,77.85714285714286,13,5,3.700439718141092,,2.688721875540867
1 2 3 3 2 4 1 6 7 4 1 2 0,,221208_TNGU.txt,64.83333333333333,13,7,3.700439718141092,,2.5220552088742005
1 2 3 4 5 4 3 2,,221104_CCHA.txt,51.25,8,5,3,,0.9852281360342515
1 3 1 5 1,,221209_SKHA.txt,60.53846153846154,5,3,2.321928094887362,,2
1 3 12 6 4,,221027_RTAB.txt,55,5,5,2.321928094887362,,2
1 3 4 1 3 6 10 7 4 2 1 1,,221101_RCOH.txt,70.5,12,7,3.584962500721156,,2.8453509366224368
1 3 4 6 4,,221020_ELIU.txt,44.83333333333333,5,4,2.321928094887362,,1.5
1 3 5 7 2 3 1,,221104_CCHA.txt,53.5,7,5,2.807354922057604,,1.792481250360578
1 3 5 7 9 11,,221117_DSHA.txt,31,6,6,2.584962500721156,,-0
1 3 9 3 1 12 0 3 1 3 1 0,,221007_SFOR.txt,77.91304347826087,12,5,3.584962500721156,,2.8453509366224368
1 4 1 3 1 4 1,,221104_CCHA.txt,33.833333333333336,7,3,2.807354922057604,,1.9182958340544896
1 4 9 1 4 8 9 8 3 1 4 9,,221108_YDIN.txt,100.08333333333333,12,5,3.584962500721156,,2.8453509366224368
1 5 1 3 1,,221209_SKHA.txt,64.55555555555556,5,3,2.321928094887362,,2
1 6 10 10 2 10 9 9 7 10 9 11,,221206_HDAN.txt,72.5,12,7,3.584962500721156,,3.095795255000934
1 6 3 1 3 6 1 6 3 1 6 6,,221028_AGRA.txt,78.28571428571429,12,3,3.584962500721156,,2.663532754804255
1 6 3 10 2 10 2 9 7 4 9 4,,221206_HDAN.txt,88.625,12,8,3.584962500721156,,2.7321588913645702
1 6 3 10 2 10 9 9 7 10 9 11,,221206_HDAN.txt,87.57142857142857,12,8,3.584962500721156,,3.277613436819116
1 6 3 4 9,,221025_HYEN.txt,46.916666666666664,5,5,2.321928094887362,,1.5
1 6 3 8 2,,221025_HYEN.txt,44.8,5,5,2.321928094887362,,1.5
1 6 3 8 2 6 1 5 2 4 1 2 0,,221208_TNGU.txt,76.57142857142857,13,8,3.700439718141092,,2.855388542207534
1 6 3 8 2 8 0 1 1 4 9 2,,221206_HDAN.txt,87.4,12,8,3.584962500721156,,3.027169118440619
1 6 3 8 2 8 0 11 7 4 9 2,,221206_HDAN.txt,79.14285714285714,12,10,3.584962500721156,,2.8453509366224368
1 6 3 8 2 8 0 9 1 4 9 2,,221206_HDAN.txt,101.38461538461539,12,8,3.584962500721156,,2.845350936622437
1 6 3 8 2 8 0 9 7 4 9 4,,221206_HDAN.txt,94.44444444444444,12,9,3.584962500721156,,2.8453509366224368
1 6 3 8 9,,221025_HYEN.txt,44.5,5,5,2.321928094887362,,1.5
1 6 9 4 9,,221025_HYEN.txt,49.72727272727273,5,4,2.321928094887362,,1.5
1 7 0 7 0,,221209_SKHA.txt,45,5,3,2.321928094887362,,1.5
1 7 1 6 1,,221101_KGAN.txt,35.55555555555556,5,3,2.321928094887362,,2
1 7 1 6 3,,221101_KGAN.txt,26.8,5,4,2.321928094887362,,2
1 7 2 6 5,,221020_ELIU.txt,48.208333333333336,5,5,2.321928094887362,,2
1 7 3 7 0,,221209_SKHA.txt,57.25,5,4,2.321928094887362,,2
1 7 8 11 9,,221101_KGAN.txt,38,5,5,2.321928094887362,,2
1 7 8 6 1,,221101_KGAN.txt,43.875,5,4,2.321928094887362,,2
1 7 8 6 9,,221101_KGAN.txt,37.111111111111114,5,5,2.321928094887362,,2
1 8 5 7 6,,221028_GMAC.txt,41.875,5,5,2.321928094887362,,2
1 8 9 3 7,,221028_GMAC.txt,52.857142857142854,5,5,2.321928094887362,,2
1 9 1 12 3 4 6 4 5 7,,221110_YAND.txt,69.46153846153847,10,8,3.321928094887362,,2.725480556997868
10 0 6 1 10,,221104_RTIA.txt,40.333333333333336,5,4,2.321928094887362,,2
10 0 6 1 7,,221104_RTIA.txt,38.25,5,5,2.321928094887362,,1.5
10 10 4 12 4 10,,221115_TBAR.txt,64.44444444444444,6,3,2.584962500721156,,2.321928094887362
10 10 9 12 6,,221101_KGAN.txt,44.666666666666664,5,4,2.321928094887362,,2
10 11 10 10 8,,221201_SMAL.txt,67.16666666666667,5,3,2.321928094887362,,2
10 11 4 9 1 3 11 2 9 1 7 4 8,,221206_VPAT.txt,87.14285714285714,13,9,3.700439718141092,,3.418295834054489
10 11 8 11 9,,221101_KGAN.txt,61,5,4,2.321928094887362,,2
10 12 10 11 8 9 9 9 10 10 9 9 9,,221129_AHOF.txt,85.66666666666667,13,5,3.700439718141092,,2.221251836004466
10 12 4 8 7 10,,221017_ABUR.txt,57.08333333333333,6,5,2.584962500721156,,2.321928094887362
10 12 7 12 9 12,,221205_DJAN.txt,41.22222222222222,6,4,2.584962500721156,,2.321928094887362
10 2 1 3 4 7,,221013_NMON.txt,66.95833333333333,6,6,2.584962500721156,,2.321928094887362
10 2 11 5 2,,221104_RTIA.txt,50.28571428571429,5,4,2.321928094887362,,2
10 2 2 10 2,,221116_ILEC.txt,31.333333333333336,5,2,2.321928094887362,,1.5
10 3 12 11 2,,221101_KGAN.txt,24,5,5,2.321928094887362,,2
10 4 12 0 1 5,,221017_ABUR.txt,54.65625,6,6,2.584962500721156,,2.321928094887362
10 4 12 5 1 3 11 2 9 1 7 4 8,,221206_VPAT.txt,90.7,13,11,3.700439718141092,,3.4182958340544896
10 4 12 9 1 3 11 2 9 1 7 4 8,,221206_VPAT.txt,89.85714285714286,13,10,3.700439718141092,,3.084962500721156
10 4 5 2 7,,221116_ILEC.txt,52.666666666666664,5,5,2.321928094887362,,2
10 4 5 2 9,,221116_ILEC.txt,46,5,5,2.321928094887362,,2
10 4 8 0 5,,221025_HYEN.txt,47.270270270270274,5,5,2.321928094887362,,2
10 4 8 0 9,,221025_HYEN.txt,46.57142857142858,5,5,2.321928094887362,,2
10 6 3 8 5,,221104_RTIA.txt,41,5,5,2.321928094887362,,1.5
10 6 4 12 7 5,,221017_ABUR.txt,49.26086956521739,6,6,2.584962500721156,,1.9219280948873623
10 6 4 9 1 3 11 2 9 1 7 4 1,,221206_VPAT.txt,85,13,9,3.700439718141092,,3.2516291673878226
10 6 4 9 1 3 11 2 9 1 7 4 8,,221206_VPAT.txt,81.375,13,10,3.700439718141092,,3.418295834054489
10 6 9 5 1 3 7 4 5 5 8 2 4,,221208_TNGU.txt,91.2,13,10,3.700439718141092,,2.855388542207534
10 7 10 7 10,,221209_SKHA.txt,59.42857142857143,5,2,2.321928094887362,,1
10 7 2 7 10,,221209_SKHA.txt,46.142857142857146,5,3,2.321928094887362,,2
10 7 4 5 1,,221027_RTAB.txt,43.55555555555556,5,5,2.321928094887362,,1.5
10 7 8 0 9,,221025_HYEN.txt,55.142857142857146,5,5,2.321928094887362,,2
10 8 8 8 6 8 8 12 5 8 10 12,,221007_SFOR.txt,81.89473684210526,12,5,3.584962500721156,,2.413088436425758
10 9 7 6 4 3 8 11,,221121_ASAB.txt,53.857142857142854,8,8,3,,1.8423709931771088
10 9 7 7 9,,221020_ELIU.txt,52.904761904761905,5,3,2.321928094887362,,2
11 0 11 11 11,,221201_DSAR.txt,16.555555555555557,5,2,2.321928094887362,,1.5
11 0 11 5 0,,221201_DSAR.txt,49.25,5,3,2.321928094887362,,2
11 0 11 5 7,,221201_DSAR.txt,54.22222222222222,5,4,2.321928094887362,,2
11 0 12 0 12 1 12 0 12 0 12 6,,221007_SFOR.txt,58,12,5,3.584962500721156,,2.1180782093497097
11 0 2 5 7,,221201_DSAR.txt,56.09090909090909,5,5,2.321928094887362,,1.5
11 0 7 0 12 1 7 0 12 0 12 6,,221007_SFOR.txt,76.28,12,6,3.584962500721156,,2.663532754804255
11 10 2 8 10 2 10 8 2 8 10 2 11,,221101_RCOH.txt,81,13,4,3.700439718141092,,2.8553885422075336
11 10 6 5 6,,221116_ILEC.txt,62.333333333333336,5,4,2.321928094887362,,1.5
11 10 7 9 12 9 7 3 12 11 12 6,,221007_SFOR.txt,74.92857142857143,12,7,3.584962500721156,,3.095795255000934
11 11 11 11 9,,221101_KGAN.txt,17.461538461538463,5,2,2.321928094887362,,0.8112781244591328
11 11 12 11 11,,221101_KGAN.txt,19.285714285714285,5,2,2.321928094887362,,1.5
11 11 2 11 3,,221101_KGAN.txt,51.4,5,3,2.321928094887362,,2
11 12 9 10 12,,221101_KGAN.txt,51.16666666666667,5,4,2.321928094887362,,1.5
11 12 9 7 5 7 3 4 4 2 4 5,,221108_YDIN.txt,86.57142857142857,12,8,3.584962500721156,,2.4130884364257574
11 2 5 1 9 9 9,,221021_SAPE.txt,46.80769230769231,7,5,2.807354922057604,,2.2516291673878226
11 3 6 3 3 10,,221207_HWEN.txt,46.54545454545455,6,4,2.584962500721156,,2.321928094887362
11 3 8 9 2,,221101_KGAN.txt,33,5,5,2.321928094887362,,2
11 4 2 5 10 8 3 7 4 3 11 4 9,,221110_ADEL.txt,87.83333333333333,13,9,3.700439718141092,,3.084962500721156
11 5 10 3 9,,221209_SKHA.txt,53.6,5,5,2.321928094887362,,2
11 6 3 6 10 5 10 8 5 2 11 2 0,,221101_RCOH.txt,100.77777777777777,13,8,3.700439718141092,,2.8553885422075336
11 6 8 5 4 3 6 7 9 9,,221110_YAND.txt,83.22222222222223,10,8,3.321928094887362,,2.725480556997868
11 6 8 5 6,,221116_ILEC.txt,47.714285714285715,5,4,2.321928094887362,,2
11 7 12 10 1,,221101_KGAN.txt,49.6,5,5,2.321928094887362,,2
11 7 12 10 11,,221101_KGAN.txt,42.285714285714285,5,4,2.321928094887362,,2
11 7 12 6 1,,221101_KGAN.txt,44.125,5,5,2.321928094887362,,2
11 8 11 7 11 7,,221110_EGIL.txt,40.333333333333336,6,3,2.584962500721156,,1.9219280948873623
11 8 5 2 0 0,,221110_EGIL.txt,39.6,6,5,2.584962500721156,,1.3709505944546687
11 9 11 7 6 7 4 3 1 4 1 10,,221007_SFOR.txt,94.85714285714286,12,8,3.584962500721156,,2.9139770731827523
11 9 11 7 6 7 4 3 2 1 1 1,,221007_SFOR.txt,82.54166666666667,12,8,3.584962500721156,,2.5503407095463886
11 9 6 5 4 3 2 1 1 4 6 2 4,,221110_ADEL.txt,74.2,13,8,3.700439718141092,,2.4508257945180887
11 9 6 5 4 3 8 1 1 7 6 2 4,,221110_ADEL.txt,74,13,10,3.700439718141092,,2.9182958340544896
11 9 8 7 6 5 4 3 2 1 1 1,,221007_SFOR.txt,39.70370370370371,12,10,3.584962500721156,,1.0957952550009336
12 1 12 3 12 5 12 7 12 9 12 11 12,,221110_YAND.txt,103.16666666666667,13,7,3.700439718141092,,3.584962500721156
12 1 5 9 7 11 12 12 8 9 12 11 12,,221206_VPAT.txt,44.5,13,7,3.700439718141092,,2.792481250360578
12 10 12 7 6 5,,221013_NMON.txt,60.61538461538461,6,5,2.584962500721156,,1.9219280948873623
12 10 12 8 12 6 12 6 12 8 12 10 12,,221110_YAND.txt,98.66666666666667,13,4,3.700439718141092,,2.584962500721156
12 10 9 6 3 2 1 0 2 5 3 4,,221107_EDRU.txt,73,12,10,3.584962500721156,,2.368522527728207
12 11 10 1 1,,221101_KGAN.txt,32.8,5,4,2.321928094887362,,1.5
12 11 10 11 11,,221101_KGAN.txt,53.83333333333333,5,3,2.321928094887362,,1.5
12 11 10 9 8 5 6 7 8 9 10 11 12,,221205_DJAN.txt,42.875,13,8,3.700439718141092,,1.2806721295208872
12 11 10 9 8 7 6 7 8 9 10 11 12,,221017_ABUR.txt,49.43333333333333,13,7,3.700439718141092,,1
12 11 10 9 8 7 6 7 8 9 10 11 12,,221205_DJAN.txt,66.33333333333333,13,7,3.700439718141092,,1
12 11 11 8 8,,221101_KGAN.txt,29.90909090909091,5,3,2.321928094887362,,1.5
12 11 12 10 8,,221101_KGAN.txt,52.111111111111114,5,4,2.321928094887362,,1.5
12 12,,221110_EGIL.txt,20.22222222222222,2,1,1,,-0
12 12 12 12 12 12,,221013_NMON.txt,13.80952380952381,6,1,2.584962500721156,,-0
12 3 12 10 5,,221101_KGAN.txt,87,5,4,2.321928094887362,,2
12 3 12 2 2,,221101_KGAN.txt,46.083333333333336,5,3,2.321928094887362,,2
12 5 12 6 12 7 12 8 12 9 12 10 12,,221110_YAND.txt,94.33333333333333,13,7,3.700439718141092,,3.584962500721156
12 6 11 9 12 11 12 12 8 9 12 11 12,,221206_VPAT.txt,83.5,13,5,3.700439718141092,,2.8553885422075336
12 6 11 9 3 6 12 12 8 9 12 11 12,,221206_VPAT.txt,59,13,6,3.700439718141092,,3.084962500721156
12 6 11 9 3 6 8 12 8 9 4 11 12,,221206_VPAT.txt,64.75,13,7,3.700439718141092,,3.2516291673878226
12 6 12 4 12 12,,221013_NMON.txt,55.064516129032256,6,3,2.584962500721156,,2.321928094887362
12 6 5 9 7 11 12 12 8 9 12 11 12,,221206_VPAT.txt,94,13,7,3.700439718141092,,2.8553885422075336
12 7 5 7 9 11 7 5 2 4 2 0,,221108_YDIN.txt,85.14285714285714,12,8,3.584962500721156,,2.004886164091843
12 8 2 12 4 6 2 10,,221117_DSHA.txt,85.16666666666667,8,6,3,,2.5216406363433186
12 9 2 4 9,,221209_SLEE.txt,51.07142857142857,5,4,2.321928094887362,,2
12 9 8 5 11 9,,221108_APAR.txt,45.2,6,5,2.584962500721156,,1.9219280948873623
12 9 8 6 4 2 1 2 5 8 10 12,,221007_SFOR.txt,47.21212121212121,12,9,3.584962500721156,,2.481714572986073
12 9 8 6 9 10,,221108_APAR.txt,45.7,6,5,2.584962500721156,,2.321928094887362
2 0 3 3 9 5 2 1 1 9,,221201_DSAR.txt,78.33333333333333,10,6,3.321928094887362,,2.94770277922009
2 0 3 7 1 5 5 9 3 9,,221201_DSAR.txt,74.66666666666667,10,7,3.321928094887362,,2.4193819456463714
2 0 3 7 2 3 5 1 7 3,,221201_DSAR.txt,55.333333333333336,10,6,3.321928094887362,,2.94770277922009
2 0 4 0 5 0,,221104_CCHA.txt,55.6,6,4,2.584962500721156,,2.321928094887362
2 0 4 6 3 7,,221020_AFEB.txt,46.25925925925926,6,6,2.584962500721156,,1.9219280948873623
2 0 8 4 12,,221206_VPAT.txt,44.25,5,5,2.321928094887362,,1.5
2 1 2 2 4 4 6 4 6 5 8 6 9,,221028_AGRA.txt,60.7,13,7,3.700439718141092,,2.5220552088742005
2 1 4 0 1 3 2 0 1 0 3 0,,221121_MSAI.txt,76.36363636363636,12,5,3.584962500721156,,2.6635327548042547
2 10 4 5 4 10,,221115_TBAR.txt,60.5,6,4,2.584962500721156,,2.321928094887362
2 11 10 11 11,,221101_KGAN.txt,57.75,5,3,2.321928094887362,,2
2 11 10 3 11,,221101_KGAN.txt,51,5,4,2.321928094887362,,2
2 11 10 3 3,,221101_KGAN.txt,27.285714285714285,5,4,2.321928094887362,,2
2 12 1 7 12,,221206_VPAT.txt,59.41666666666667,5,4,2.321928094887362,,2
2 12 1 7 2,,221206_VPAT.txt,37.4,5,4,2.321928094887362,,2
2 12 8 4 12,,221206_VPAT.txt,37,5,4,2.321928094887362,,1.5
2 2 10 10 3,,221101_KGAN.txt,35.75,5,3,2.321928094887362,,1.5
2 2 10 2 2 4 5 7 10 2 6 10,,221207_HWEN.txt,73.8,12,6,3.584962500721156,,2.7321588913645702
2 2 10 3 3,,221101_KGAN.txt,15,5,3,2.321928094887362,,1.5
2 2 12 10 8,,221101_KGAN.txt,32.4,5,4,2.321928094887362,,1.5
2 2 2 1 1,,221101_KGAN.txt,17.615384615384617,5,2,2.321928094887362,,0.8112781244591328
2 2 2 2 4 3 2 3,,221121_ASAB.txt,71.25,8,3,3,,1.8423709931771088
2 2 8 2 0 0 3,,221021_SAPE.txt,63.31818181818182,7,4,2.807354922057604,,2.2516291673878226
2 3 4 2 3 3 4 3 3 4 4 4 10,,221110_YAND.txt,67.5,13,4,3.700439718141092,,1.9508257945180887
2 3 5 4 4 5 6 5 6 5 6 5 5,,221129_AHOF.txt,55,13,5,3.700439718141092,,1.7841591278514217
2 4 10 7 8 0 8 0 8 7 10 9 3,,221017_ABUR.txt,78.6086956521739,13,8,3.700439718141092,,3.084962500721156
2 4 2 5 10 8 3 7 4 3 11 4 9,,221110_ADEL.txt,83,13,9,3.700439718141092,,3.2516291673878226
2 4 2 5 2 2 10 10 2 10 10 2 11,,221101_RCOH.txt,88.4,13,5,3.700439718141092,,2.8553885422075336
2 4 2 6 10 3,,221013_NMON.txt,51.57575757575758,6,5,2.584962500721156,,1.9219280948873623
2 4 3 5 4 6 5 7 6 8 7 9 8,,221028_AGRA.txt,40.25,13,8,3.700439718141092,,1
2 4 6 4 2 7 4 0 2 4 5 4 7,,221108_YDIN.txt,62.142857142857146,13,6,3.700439718141092,,2.7516291673878226
2 4 6 8 10 12,,221013_NMON.txt,36.75,6,6,2.584962500721156,,-0
2 4 8 0 5,,221025_HYEN.txt,47.69565217391305,5,5,2.321928094887362,,2
2 4 8 2 11,,221201_SMAL.txt,41.875,5,4,2.321928094887362,,2
2 4 8 3 5,,221025_HYEN.txt,46.34615384615385,5,5,2.321928094887362,,1.5
2 4 8 3 7,,221025_HYEN.txt,47.4,5,5,2.321928094887362,,1.5
2 5 10 10 8,,221201_SMAL.txt,36.875,5,4,2.321928094887362,,2
2 5 11 5 7,,221025_HYEN.txt,56.36363636363637,5,4,2.321928094887362,,2
2 5 4 2 2,,221028_GMAC.txt,42,5,3,2.321928094887362,,2
2 5 6 5 11,,221025_HYEN.txt,36.142857142857146,5,4,2.321928094887362,,2
2 5 6 9 11,,221025_HYEN.txt,44.5,5,5,2.321928094887362,,1.5
2 5 8 5 7,,221025_HYEN.txt,60.333333333333336,5,4,2.321928094887362,,1.5
2 5 9 5 7,,221025_HYEN.txt,31.571428571428573,5,4,2.321928094887362,,2
2 6 12 9 2,,221209_SLEE.txt,32,5,4,2.321928094887362,,2
2 6 5 2 1,,221020_ELIU.txt,47.92,5,4,2.321928094887362,,1.5
2 7 10 2 4 7 3 7 10 2 7 10,,221101_RCOH.txt,72.9,12,5,3.584962500721156,,2.3685225277282065
2 7 12 6 1,,221101_KGAN.txt,43.81818181818182,5,5,2.321928094887362,,1.5
2 7 2 1 1,,221101_KGAN.txt,37.55555555555556,5,3,2.321928094887362,,2
2 7 2 6 1,,221101_KGAN.txt,53.6,5,4,2.321928094887362,,1.5
2 7 2 6 4 3 2 3,,221121_ASAB.txt,61.5,8,5,3,,2.5216406363433186
2 7 4 7 10,,221209_SKHA.txt,58.333333333333336,5,4,2.321928094887362,,1.5
2 7 8 5 7,,221025_HYEN.txt,30.2,5,4,2.321928094887362,,2
2 8 10 11 6,,221104_RTIA.txt,41.875,5,5,2.321928094887362,,2
2 8 11 2 3 10,,221013_NMON.txt,55.96551724137931,6,5,2.584962500721156,,2.321928094887362
2 9 3 6 11,,221201_SMAL.txt,31.333333333333332,5,5,2.321928094887362,,2
2 9 4 5 10,,221116_ILEC.txt,46.58333333333333,5,5,2.321928094887362,,2
2 9 6 2 6,,221209_AJED.txt,57,5,3,2.321928094887362,,2
2 9 6 3 5,,221025_HYEN.txt,46.4,5,5,2.321928094887362,,1.5
2 9 6 3 7,,221025_HYEN.txt,43.13636363636364,5,5,2.321928094887362,,1.5
3 0 0 1 2 0 0 2 3 2 0 0,,221129_MMCA.txt,50.8,12,4,3.584962500721156,,2.413088436425758
3 0 2 4 3 4,,221117_DSHA.txt,46.75,6,4,2.584962500721156,,1.9219280948873623
3 1 3 5 7,,221209_SKHA.txt,22,5,4,2.321928094887362,,0.8112781244591328
3 1 3 6 2,,221018_CROG.txt,54.266666666666666,5,4,2.321928094887362,,2
3 1 3 9 3 10 1 7 2 10 7 7 1,,221110_ADEL.txt,92.11111111111111,13,6,3.700439718141092,,3.2516291673878226
3 10 2 11 7,,221206_VPAT.txt,51.666666666666664,5,5,2.321928094887362,,2
3 10 2 3 7,,221206_VPAT.txt,50.333333333333336,5,4,2.321928094887362,,2
3 10 5 3 5,,221025_HYEN.txt,58.347826086956516,5,3,2.321928094887362,,2
3 10 6 11 7,,221206_VPAT.txt,40,5,5,2.321928094887362,,1.5
3 11 4 11 3,,221209_SKHA.txt,37.4,5,3,2.321928094887362,,2
3 11 7 9 2 10 1 7 2 10 7 7 1,,221110_ADEL.txt,75.375,13,7,3.700439718141092,,3.188721875540867
3 2 0 2 3 2 0 2,,221121_ASAB.txt,70.75,8,3,3,,1.9502120649147465
3 2 0 4 9,,221209_BTRE.txt,32.5,5,5,2.321928094887362,,2
3 2 2 1 6 3 2 5 2 3 3 8 6,,221208_TNGU.txt,85.1,13,6,3.700439718141092,,2.688721875540867
3 2 4 3 5 3 1 3 6,,221117_DSHA.txt,71.875,9,6,3.169925001442312,,1.9056390622295665
3 2 4 3 6 4 7 5 9,,221020_AFEB.txt,55.333333333333336,9,7,3.169925001442312,,2.25
3 2 5 0 2 4 3 0,,221021_SAPE.txt,67.66666666666667,8,5,3,,2.2359263506290326
3 3 12 11 12,,221101_KGAN.txt,47,5,3,2.321928094887362,,2
3 3 12 11 2,,221101_KGAN.txt,21.375,5,4,2.321928094887362,,2
3 3 3 11 2,,221101_KGAN.txt,42.42857142857143,5,3,2.321928094887362,,1.5
3 3 3 3 3 4 3 3 3 3 3 3 4,,221208_TNGU.txt,34.72727272727273,13,2,3.700439718141092,,1.0408520829727552
3 3 3 5 6,,221021_AKHA.txt,33,5,3,2.321928094887362,,1.5
3 3 8 9 9,,221101_KGAN.txt,45.833333333333336,5,3,2.321928094887362,,1.5
3 4 0 2 4,,221028_GMAC.txt,54.53846153846154,5,4,2.321928094887362,,1.5
3 4 5 2 4 3 9 7 9 5 7 8 9,,221108_YDIN.txt,91,13,7,3.700439718141092,,2.5220552088742005
3 4 5 7 8,,221209_SKHA.txt,19.727272727272727,5,5,2.321928094887362,,0.8112781244591328
3 4 6 2 8,,221028_GMAC.txt,42.666666666666664,5,5,2.321928094887362,,2
3 5 1,,221028_AGRA.txt,67.8,3,3,1.584962500721156,,1
3 5 10 7 11,,221104_RTIA.txt,51.666666666666664,5,5,2.321928094887362,,2
3 5 2 7 1,,221101_RLIN.txt,31.571428571428573,5,5,2.321928094887362,,2
3 5 3 4 3 3 5 3 4 2 6 3 4,,221208_TNGU.txt,79.33333333333333,13,5,3.700439718141092,,2.6258145836939115
3 5 7 7 11 12 6 12 8 7 10 9 11,,221208_TNGU.txt,102.14285714285714,13,9,3.700439718141092,,3.0220552088742
3 6,,221110_EGIL.txt,11.333333333333332,2,2,1,,-0
3 6 2 3 7,,221206_VPAT.txt,46.57142857142857,5,4,2.321928094887362,,2
3 6 3 6 7,,221209_SKHA.txt,47.53846153846154,5,3,2.321928094887362,,1.5
3 6 4 8 6 10,,221207_HWEN.txt,49,6,5,2.584962500721156,,1.5219280948873621
3 6 4 8 6 8 6 11 7 4 9 2,,221206_HDAN.txt,85,12,8,3.584962500721156,,2.8453509366224368
3 6 5 3 5,,221025_HYEN.txt,45.44827586206897,5,3,2.321928094887362,,2
3 7 12 5 2,,221104_RTIA.txt,37,5,5,2.321928094887362,,2
3 7 12 7 2,,221104_RTIA.txt,58.6,5,4,2.321928094887362,,1.5
3 7 3 6 3,,221101_RLIN.txt,38.2,5,3,2.321928094887362,,2
3 7 5 3 9,,221025_HYEN.txt,54.84615384615385,5,4,2.321928094887362,,1.5
3 7 8 3 9,,221025_HYEN.txt,51.69230769230769,5,4,2.321928094887362,,2
3 7 8 6 9,,221025_HYEN.txt,52.368421052631575,5,5,2.321928094887362,,2
3 8 12 8 4 6 11 8 3 8 4 12,,221028_AGRA.txt,94.3,12,6,3.584962500721156,,2.5949066182439395
3 8 3 4 3 4 3 7 4 3 6 7 4,,221208_TNGU.txt,81.88888888888889,13,5,3.700439718141092,,2.625814583693911
3 8 3 8 6,,221209_SKHA.txt,71.6,5,3,2.321928094887362,,1.5
3 8 5 7 4,,221101_RLIN.txt,34,5,5,2.321928094887362,,1.5
4 1 7 5 3 1 3 5 2 1 2 1,,221104_CCHA.txt,101.8,12,6,3.584962500721156,,2.481714572986073
4 11 12 6 9 12 12 12 12 11 11 12,,221110_YAND.txt,65.16666666666667,12,5,3.584962500721156,,2.3685225277282065
4 11 2 11 3,,221101_KGAN.txt,44,5,4,2.321928094887362,,2
4 11 3 11 2,,221209_SKHA.txt,55.6,5,4,2.321928094887362,,2
4 11 4 11 3,,221101_KGAN.txt,42.57142857142857,5,3,2.321928094887362,,1.5
4 11 7 10 7,,221209_AJED.txt,43.44444444444444,5,4,2.321928094887362,,2
4 12 3 8 12,,221116_ILEC.txt,62.285714285714285,5,4,2.321928094887362,,2
4 12 5 8 2 6 3 6 8 4 8 10 12,,221110_YAND.txt,98.6,13,8,3.700439718141092,,2.855388542207534
4 12 9 5 12,,221104_RTIA.txt,45.4,5,4,2.321928094887362,,2
4 2 2 4 0 2 0 2 4 5 7 5 2 0 5 7 9 11,,221108_YDIN.txt,72.77777777777777,18,7,4.169925001442312,,2.205109900073869
4 2 3 6 3,,221209_BTRE.txt,39.875,5,4,2.321928094887362,,2
4 2 3 6 5 8 7 2 4 6 8 6 4,,221208_TNGU.txt,60.8,13,7,3.700439718141092,,2.4591479170272446
4 2 4 1 4,,221025_HYEN.txt,57.57142857142857,5,3,2.321928094887362,,2
4 2 4 8 4,,221025_HYEN.txt,45.55555555555556,5,3,2.321928094887362,,2
4 2 5 7 4,,221025_HYEN.txt,50.8125,5,4,2.321928094887362,,2
4 2 9 7 4,,221025_HYEN.txt,53.76190476190476,5,4,2.321928094887362,,1.5
4 3 2 5 6 5 2 7 8 7 10 11 10,,221129_MMCA.txt,95.375,13,9,3.700439718141092,,2.0545851693377992
4 3 2 9 7,,221101_RLIN.txt,46.25,5,5,2.321928094887362,,1.5
4 3 4 4 1,,221201_SMAL.txt,40,5,3,2.321928094887362,,2
4 3 4 4 4,,221201_SMAL.txt,31.428571428571427,5,2,2.321928094887362,,1.5
4 3 5 0 0,,221027_RTAB.txt,36.63636363636364,5,4,2.321928094887362,,2
4 3 5 0 1 7 3 7 1 3 6 10,,221013_CMCC.txt,79.11111111111111,12,8,3.584962500721156,,3.095795255000934
4 3 5 0 1 7 3 7 1 3 6 9,,221013_CMCC.txt,84.53571428571429,12,8,3.584962500721156,,3.095795255000934
4 3 5 3 10 10,,221013_NMON.txt,46.791666666666664,6,4,2.584962500721156,,2.321928094887362
4 3 5 3 7 10,,221013_NMON.txt,53.6764705882353,6,5,2.584962500721156,,2.321928094887362
4 3 7 6 3 3 3 3 9 4 5 2 4,,221208_TNGU.txt,68.5,13,7,3.700439718141092,,2.8553885422075336
4 3 7 6 3 3 7 3 9 4 5 8 8,,221208_TNGU.txt,71.77777777777777,13,7,3.700439718141092,,3.084962500721156
4 3 8 0 1,,221027_RTAB.txt,48.76923076923077,5,5,2.321928094887362,,2
4 3 9 1 10 10,,221013_NMON.txt,59.26086956521739,6,5,2.584962500721156,,2.321928094887362
4 3 9 1 2 10,,221013_NMON.txt,66.21875,6,6,2.584962500721156,,2.321928094887362
4 3 9 1 2 6,,221013_NMON.txt,57.827586206896555,6,6,2.584962500721156,,2.321928094887362
4 3 9 1 2 9,,221013_NMON.txt,58.65384615384615,6,5,2.584962500721156,,2.321928094887362
4 4 4 3 9 10 10 10 9 9 8 2 4,,221208_TNGU.txt,82,13,6,3.700439718141092,,2.221251836004466
4 4 4 4 4 4 4 4 3 3 3 2 4,,221208_TNGU.txt,41.714285714285715,13,3,3.700439718141092,,1.0408520829727552
4 5 4 3 3,,221116_ILEC.txt,36,5,3,2.321928094887362,,1.5
4 5 4 5 6,,221116_ILEC.txt,41.285714285714285,5,3,2.321928094887362,,0.8112781244591328
4 5 4 5 8,,221116_ILEC.txt,66.125,5,3,2.321928094887362,,1.5
4 5 5 8 2 6 3 6 8 4 8 10 7,,221110_YAND.txt,90.42857142857143,13,8,3.700439718141092,,2.9182958340544896
4 5 6 3 1,,221201_SMAL.txt,38.5,5,5,2.321928094887362,,1.5
4 5 6 7 8 9 7 6 9 7 10 8 7,,221129_AHOF.txt,74,13,7,3.700439718141092,,1.8879185026711325
4 6 10 6 10 7 7 11 3 5 8 9,,221007_SFOR.txt,79.6,12,9,3.584962500721156,,2.8453509366224368
4 6 11 9 3 6 10 12 2 9 4 0 1,,221206_VPAT.txt,61.666666666666664,13,10,3.700439718141092,,3.4182958340544896
4 6 11 9 3 6 10 12 8 9 4 0 1,,221206_VPAT.txt,82.5,13,10,3.700439718141092,,3.084962500721156
4 6 11 9 3 6 8 12 8 9 4 0 1,,221206_VPAT.txt,76.625,13,9,3.700439718141092,,3.084962500721156
4 6 11 9 3 6 8 12 8 9 4 11 12,,221206_VPAT.txt,87.25,13,7,3.700439718141092,,3.2516291673878226
4 6 4 3 5,,221116_ILEC.txt,58.333333333333336,5,4,2.321928094887362,,1.5
4 6 4 4 3 3,,221110_YAND.txt,44.25,6,3,2.584962500721156,,1.9219280948873623
4 6 5 7 8 5 6 8 5 6 7 9 2,,221207_HWEN.txt,74.5,13,7,3.700439718141092,,2.084962500721156
4 6 7 4 6,,221025_HYEN.txt,53.9,5,3,2.321928094887362,,1.5
4 6 7 6 7,,221201_SMAL.txt,49,5,3,2.321928094887362,,1.5
4 6 7 8 6,,221116_ILEC.txt,51.666666666666664,5,4,2.321928094887362,,1.5
4 6 9 11 2 4 7 9,,221206_SSUW.txt,64.42857142857143,8,6,3,,1.3787834934861753
4 7 0 6 0,,221209_SLEE.txt,40.625,5,4,2.321928094887362,,2
4 7 3 9 7,,221201_SMAL.txt,44.18181818181818,5,4,2.321928094887362,,2
4 7 4 2 4,,221025_HYEN.txt,39.375,5,3,2.321928094887362,,2
4 7 4 2 9,,221025_HYEN.txt,50.25,5,4,2.321928094887362,,2
4 7 4 3 5,,221116_ILEC.txt,61.111111111111114,5,4,2.321928094887362,,2
4 7 6 7 2,,221209_SLEE.txt,36.8,5,4,2.321928094887362,,2
4 7 6 8 10 6 7 4 3 3 3 2 4,,221208_TNGU.txt,85.85714285714286,13,7,3.700439718141092,,2.6258145836939115
4 7 6 8 10 6 7 9 5 5 8 2 4,,221208_TNGU.txt,93,13,8,3.700439718141092,,2.584962500721156
4 7 8 2 7,,221025_HYEN.txt,50.36363636363636,5,4,2.321928094887362,,2
4 7 8 5 7,,221025_HYEN.txt,68,5,4,2.321928094887362,,2
4 7 9 5 2,,221025_HYEN.txt,43.82857142857143,5,5,2.321928094887362,,2
4 7 9 7 4,,221025_HYEN.txt,40.03846153846154,5,3,2.321928094887362,,2
4 7 9 7 8,,221025_HYEN.txt,54.21212121212121,5,4,2.321928094887362,,2
4 8 10 10 4,,221206_VPAT.txt,56.6,5,3,2.321928094887362,,2
4 8 10 4 6,,221025_HYEN.txt,44.285714285714285,5,4,2.321928094887362,,1.5
4 8 10 5 4,,221206_VPAT.txt,39.55555555555556,5,4,2.321928094887362,,2
4 8 5 4 8,,221025_HYEN.txt,59.77777777777778,5,3,2.321928094887362,,1.5
4 8 6 4 8,,221025_HYEN.txt,47.7,5,3,2.321928094887362,,1
4 8 6 7 3,,221025_HYEN.txt,36.142857142857146,5,5,2.321928094887362,,2
4 8 6 7 6,,221025_HYEN.txt,46.166666666666664,5,4,2.321928094887362,,2
4 8 7 4 6,,221025_HYEN.txt,48,5,4,2.321928094887362,,2
4 8 8 6 8 8 10 8 8 12,,221117_DSHA.txt,65,10,5,3.321928094887362,,1.974937501201927
5 0 4 6 9,,221206_VPAT.txt,48.333333333333336,5,5,2.321928094887362,,2
5 0 5 8 2 6 3 6 0 4 0 0 0,,221110_YAND.txt,84.0909090909091,13,7,3.700439718141092,,2.9182958340544896
5 1 12 1 2 9 6 0 5 1 1 2 7,,221013_NMON.txt,84.175,13,8,3.700439718141092,,3.084962500721156
5 1 12 1 8 9 6 0 8 1 1 5 7,,221013_NMON.txt,78.42857142857143,13,8,3.700439718141092,,3.584962500721156
5 10 4 6 9,,221206_VPAT.txt,64.375,5,5,2.321928094887362,,2
5 10 5 7 6 5,,221013_NMON.txt,55.916666666666664,6,4,2.584962500721156,,1.9219280948873623
5 12 2 5 7,,221201_DSAR.txt,66.25,5,4,2.321928094887362,,2
5 2 1 1 3 0 6 0 0 2 0 9,,221103_HSUN.txt,83,12,7,3.584962500721156,,2.9139770731827523
5 2 10 7 6,,221025_HYEN.txt,50,5,5,2.321928094887362,,1.5
5 2 2 0 4 7 2 4 5 9 5 7 4,,221108_YDIN.txt,78.66666666666667,13,6,3.700439718141092,,3.084962500721156
5 2 5 8 10,,221025_HYEN.txt,71,5,4,2.321928094887362,,1.5
5 2 5 8 6,,221025_HYEN.txt,48.888888888888886,5,4,2.321928094887362,,1.5
5 2 6 7 6,,221025_HYEN.txt,59.285714285714285,5,4,2.321928094887362,,2
5 3 1 2 2 4 5 6 7 8 9 10 11,,221208_TNGU.txt,44.6,13,11,3.700439718141092,,1.4182958340544896
5 3 12 11 2,,221101_KGAN.txt,33.25,5,5,2.321928094887362,,2
5 3 6 5 4 1,,221129_MMCA.txt,38.666666666666664,6,5,2.584962500721156,,1.9219280948873623
5 3 6 5 4 5 5 3 8 12 11 5 12,,221013_CMCC.txt,73.9090909090909,13,7,3.700439718141092,,3.0220552088742
5 4 5 6 7 5 4 8 9 8 5 4,,221129_MMCA.txt,71,12,6,3.584962500721156,,2.0048861640918427
5 4 6 5 7 6 8 7 9 8 10 9 11,,221117_DSHA.txt,64,13,8,3.700439718141092,,1
5 4 8 3 4 8 6 8 6 4 8 7 6,,221017_ABUR.txt,92.3157894736842,13,6,3.700439718141092,,2.396240625180289
5 4 9 5 6 4 6 8 7 6 7 4 9,,221208_TNGU.txt,78.4,13,6,3.700439718141092,,2.688721875540867
5 5 5 5 5 8 5 4 3 10 5 11,,221007_SFOR.txt,77.41379310344827,12,6,3.584962500721156,,2.5503407095463886
5 5 5 6 6 6 3 3 3 2 2 2,,221107_EDRU.txt,72.85714285714286,12,4,3.584962500721156,,1.2776134368191154
5 6 1 5 6 1 3 4 3 5 3,,221117_DSHA.txt,70.16666666666667,11,5,3.4594316186372973,,2.4464393446710155
5 6 11 3 6 2 9 1 1 11 2 12,,221013_NMON.txt,74.07407407407408,12,8,3.584962500721156,,3.0957952550009344
5 6 3 5 7,,221101_RLIN.txt,37.285714285714285,5,4,2.321928094887362,,1.5
5 6 5 5 5 4 6 4 5 7,,221110_YAND.txt,66.75,10,4,3.321928094887362,,2.2810361125534238
5 7 10 5 2,,221104_RTIA.txt,43.8,5,4,2.321928094887362,,2
5 7 5 2 10,,221025_HYEN.txt,83.66666666666667,5,4,2.321928094887362,,2
5 7 5 8 10,,221025_HYEN.txt,50.857142857142854,5,4,2.321928094887362,,1.5
5 7 6 1 11,,221028_GMAC.txt,44.714285714285715,5,5,2.321928094887362,,2
5 7 6 1 2,,221028_GMAC.txt,43.166666666666664,5,5,2.321928094887362,,2
5 7 6 7 5,,221116_ILEC.txt,34.5,5,3,2.321928094887362,,2
5 8 10 4 6,,221025_HYEN.txt,62,5,5,2.321928094887362,,1.5
5 8 5 4 6,,221025_HYEN.txt,42,5,4,2.321928094887362,,2
5 8 5 8 10,,221104_RTIA.txt,37.416666666666664,5,3,2.321928094887362,,1.5
5 8 5 9 6 7 6 8 6 9 8 4 9,,221208_TNGU.txt,78.85714285714286,13,6,3.700439718141092,,3.084962500721156
5 8 6 7 6,,221025_HYEN.txt,66.75,5,4,2.321928094887362,,2
5 8 7 5 8,,221201_SMAL.txt,45.714285714285715,5,3,2.321928094887362,,1.5
5 9 12 4 12 6,,221110_EGIL.txt,73.75,6,5,2.584962500721156,,2.321928094887362
5 9 5 5 6,,221209_BTRE.txt,49.46153846153846,5,3,2.321928094887362,,2
5 9 5 9 5,,221021_AKHA.txt,37.888888888888886,5,2,2.321928094887362,,1
5 9 8 1 10,,221028_GMAC.txt,38.1,5,5,2.321928094887362,,2
5 9 9 5 9 9 6 8 7 7 8 4 9,,221208_TNGU.txt,72.25,13,6,3.700439718141092,,2.8553885422075336
6 0 0 0 12,,221027_RTAB.txt,14.545454545454545,5,3,2.321928094887362,,1.5
6 0 3 1 5,,221104_RTIA.txt,48.25,5,5,2.321928094887362,,2
6 0 3 1 7,,221104_RTIA.txt,41.5,5,5,2.321928094887362,,2
6 1 10 1 11 11 11 0 11 1 1 2 11,,221013_NMON.txt,74.04545454545455,13,6,3.700439718141092,,3.0220552088742005
6 1 10 1 11 11 11 7 8 9 10 11 12,,221013_NMON.txt,85.86666666666666,13,8,3.700439718141092,,2.4508257945180882
6 1 10 1 6,,221209_SKHA.txt,43.166666666666664,5,3,2.321928094887362,,2
6 1 2 3 2 3 4 3 4 5 4 5 7,,221209_GKAN.txt,79.5,13,7,3.700439718141092,,1.5510981710072647
6 1 4 9 10,,221209_SKHA.txt,43,5,5,2.321928094887362,,2
6 10 6 8 6 7 6 7 6 8 6 10 6,,221101_RCOH.txt,75.66666666666667,13,4,3.700439718141092,,2.584962500721156
6 10 8 7 6,,221028_GMAC.txt,37.375,5,4,2.321928094887362,,1.5
6 11 2 9 4 10 1 7 2 10 7 2 1,,221110_ADEL.txt,89.75,13,8,3.700439718141092,,2.8553885422075336
6 12 10 10 7,,221206_VPAT.txt,19.5,5,4,2.321928094887362,,2
6 12 12 12 7,,221201_DSAR.txt,23.857142857142858,5,3,2.321928094887362,,1.5
6 2 12 1 12,,221027_RTAB.txt,48.5,5,4,2.321928094887362,,2
6 2 3 1 4,,221025_HYEN.txt,50.25,5,5,2.321928094887362,,2
6 2 3 1 6,,221025_HYEN.txt,38.875,5,4,2.321928094887362,,2
6 2 3 8 6,,221025_HYEN.txt,45,5,4,2.321928094887362,,2
6 2 4 7 5,,221025_HYEN.txt,49.18181818181818,5,5,2.321928094887362,,2
6 2 4 7 9,,221025_HYEN.txt,43.607142857142854,5,5,2.321928094887362,,1.5
6 2 6 7 5,,221025_HYEN.txt,34.95454545454545,5,4,2.321928094887362,,2
6 2 9 5 2,,221025_HYEN.txt,45.70967741935484,5,4,2.321928094887362,,1.5
6 2 9 5 9,,221025_HYEN.txt,50.083333333333336,5,4,2.321928094887362,,1.5
6 3 0 3 6 3 0 3,,221108_APAR.txt,54.6,8,3,3,,0.9852281360342515
6 3 10 10 1,,221206_VPAT.txt,42,5,4,2.321928094887362,,2
6 3 2 2 6,,221101_KGAN.txt,32.125,5,3,2.321928094887362,,2
6 3 4 3 5,,221101_RLIN.txt,37.5,5,4,2.321928094887362,,2
6 3 4 5 4 8 12 9 7 6 7 4 5,,221028_AGRA.txt,77,13,8,3.700439718141092,,2.188721875540867
6 3 8 2 4 8 2,,221104_CCHA.txt,77,7,5,2.807354922057604,,2.2516291673878226
6 4 0 4 9,,221209_AJED.txt,57.75,5,4,2.321928094887362,,2
6 4 3 8 6,,221209_SKHA.txt,56.125,5,4,2.321928094887362,,1.5
6 4 6 5 3,,221020_AFEB.txt,40.05263157894737,5,4,2.321928094887362,,1.5
6 4 7 12 3 11 6 8 5 10,,221110_YAND.txt,79,10,9,3.321928094887362,,2.9477027792200903
6 5 4 6 5 3 5 9,,221117_JCHE.txt,85.5,8,5,3,,1.8423709931771084
6 5 6 2 6,,221028_GMAC.txt,26.1,5,3,2.321928094887362,,2
6 5 6 5 0 6 3 8 6 4 3 6,,221017_ABUR.txt,84.10344827586206,12,6,3.584962500721156,,2.8453509366224368
6 5 6 6 0 7 3 3 6 4 3 6,,221017_ABUR.txt,70.81818181818181,12,6,3.584962500721156,,2.913977073182752
6 5 6 6 9 7 6 7 6 10 3 6,,221017_ABUR.txt,68.55555555555556,12,6,3.584962500721156,,2.6635327548042547
6 5 6 7 5,,221116_ILEC.txt,30.333333333333332,5,3,2.321928094887362,,1.5
6 5 7 4 5,,221101_RLIN.txt,32,5,4,2.321928094887362,,2
6 6 10 0 4 7 3 7 10 0 6 10,,221017_ABUR.txt,81.84210526315789,12,6,3.584962500721156,,2.368522527728207
6 6 10 0 4 7 3 7 10 10 6 3,,221017_ABUR.txt,79.44,12,6,3.584962500721156,,2.481714572986073
6 6 3 6 6 10,,221207_HWEN.txt,53.42857142857143,6,3,2.584962500721156,,1.9219280948873623
6 6 6 3 4 4 3 3 2 2 2 2 4,,221208_TNGU.txt,51.44444444444444,13,4,3.700439718141092,,1.780672129520887
6 7 2 1 6 5 4 0 2 3 6 8 0,,221208_TNGU.txt,90.28571428571429,13,9,3.700439718141092,,2.8553885422075336
6 7 3 5 3,,221101_RLIN.txt,38.857142857142854,5,4,2.321928094887362,,2
6 7 4 5 1,,221027_RTAB.txt,47.25,5,5,2.321928094887362,,1.5
6 7 5 7 9,,221104_RTIA.txt,50.55555555555556,5,4,2.321928094887362,,1.5
6 7 5 8 4 9 3 10 2 11 1,,221117_DSHA.txt,76.4,11,11,3.4594316186372973,,3.321928094887362
6 7 6 4 6,,221116_ILEC.txt,49.81818181818182,5,3,2.321928094887362,,2
6 8 4 1 2 6,,221013_NMON.txt,43.55555555555556,6,5,2.584962500721156,,2.321928094887362
6 8 4 2 0 0,,221205_DJAN.txt,49.285714285714285,6,5,2.584962500721156,,1.9219280948873623
6 8 4 3 9 7 3 7 10 10 6 3,,221017_ABUR.txt,86.29032258064517,12,7,3.584962500721156,,3.027169118440619
6 8 4 3 9 7 3 7 3 10 6 3,,221017_ABUR.txt,83.03030303030303,12,7,3.584962500721156,,2.7321588913645707
6 8 7 5 6,,221209_BTRE.txt,48.4,5,4,2.321928094887362,,2
6 8 9 1 2 6,,221013_NMON.txt,49.69230769230769,6,5,2.584962500721156,,1.9219280948873623
6 9 6 3 5,,221025_HYEN.txt,56.904761904761905,5,4,2.321928094887362,,1.5
6 9 6 7 5,,221025_HYEN.txt,39.285714285714285,5,4,2.321928094887362,,2
7 0 5 5 0 8 2,,221021_SAPE.txt,57.15,7,5,2.807354922057604,,2.584962500721156
7 10 0 3 8,,221025_HYEN.txt,49.61904761904762,5,5,2.321928094887362,,1.5
7 10 6 8 3,,221025_HYEN.txt,44.77777777777778,5,5,2.321928094887362,,2
7 10 9 4 9,,221025_HYEN.txt,42.285714285714285,5,4,2.321928094887362,,2
7 10 9 8 3,,221025_HYEN.txt,40.333333333333336,5,5,2.321928094887362,,1.5
7 12 10 12 7,,221021_AKHA.txt,60.642857142857146,5,3,2.321928094887362,,2
7 12 2,,221028_AGRA.txt,21.7,3,3,1.584962500721156,,1
7 12 9 5 12,,221104_RTIA.txt,64.16666666666667,5,4,2.321928094887362,,2
7 2 1 3 4 7,,221013_NMON.txt,48.51724137931034,6,5,2.584962500721156,,2.321928094887362
7 2 3 7 2,,221116_ILEC.txt,42.76923076923077,5,3,2.321928094887362,,1.5
7 2 4 3 6 3 0 3,,221108_APAR.txt,70.22222222222223,8,6,3,,2.2359263506290326
7 2 5 3 8,,221025_HYEN.txt,50.142857142857146,5,5,2.321928094887362,,2
7 2 5 7 4,,221025_HYEN.txt,43.7,5,4,2.321928094887362,,2
7 2 5 7 8,,221025_HYEN.txt,53.4,5,4,2.321928094887362,,2
7 2 5 7 9,,221025_HYEN.txt,42,5,4,2.321928094887362,,1.5
7 2 6 3 8,,221025_HYEN.txt,42.45454545454545,5,5,2.321928094887362,,2
7 2 6 8 3,,221025_HYEN.txt,60.4,5,5,2.321928094887362,,1.5
7 2 8 1 9,,221116_ILEC.txt,58.285714285714285,5,5,2.321928094887362,,2
7 3 10 4 1,,221021_SAPE.txt,50.5,5,5,2.321928094887362,,2
7 3 2 1 8 4 3 2 9 5 4 3 10,,221207_HWEN.txt,79.77777777777777,13,9,3.700439718141092,,1.5
7 3 7 3 7,,221021_AKHA.txt,32.65,5,2,2.321928094887362,,1
7 3 8 3 1,,221209_AJED.txt,51.4,5,4,2.321928094887362,,2
7 4 10 6 10 3,,221013_NMON.txt,67.0625,6,5,2.584962500721156,,2.321928094887362
7 4 11 7 2,,221209_AJED.txt,46.75,5,4,2.321928094887362,,2
7 4 7 5 7 4 7 5,,221121_ASAB.txt,35.09090909090909,8,3,3,,1.9502120649147465
7 4 8 0 5,,221025_HYEN.txt,54.21739130434783,5,5,2.321928094887362,,2
7 5 0 3 8,,221025_HYEN.txt,43.74074074074075,5,5,2.321928094887362,,2
7 5 3 3 7 5,,221207_HWEN.txt,52.285714285714285,6,3,2.584962500721156,,1.3709505944546687
7 5 3 6 5 8 5 3 4 3 6 3 4,,221208_TNGU.txt,65.375,13,6,3.700439718141092,,2.292481250360578
7 5 4 2 0 12 4 7 5 9 4,,221108_YDIN.txt,76.44444444444444,11,7,3.4594316186372973,,2.5219280948873624
7 5 4 9 11 9 7 2 7 8 9,,221108_YDIN.txt,66,11,7,3.4594316186372973,,2.4464393446710155
7 5 7 2 0,,221025_HYEN.txt,50.5,5,4,2.321928094887362,,1.5
7 5 7 2 10,,221025_HYEN.txt,67.45714285714286,5,4,2.321928094887362,,2
7 5 7 2 8,,221025_HYEN.txt,53.607142857142854,5,4,2.321928094887362,,2
7 5 7 6 8 5 4 7 5 9 6 11 7,,221208_TNGU.txt,82.14285714285714,13,7,3.700439718141092,,2.918295834054489
7 6 5 0 5 7 3,,221021_SAPE.txt,47.48275862068966,7,5,2.807354922057604,,2.2516291673878226
7 6 5 7 6 5 2 3 4 2 6 10,,221209_GKAN.txt,87,12,7,3.584962500721156,,2.3685225277282065
7 6 6 8 6,,221116_ILEC.txt,42.5,5,3,2.321928094887362,,2
7 6 8 5 2,,221209_SKHA.txt,43.625,5,5,2.321928094887362,,1.5
7 6 8 5 9 4 0,,221117_DSHA.txt,53.666666666666664,7,7,2.807354922057604,,2.584962500721156
7 6 8 9 3,,221101_RLIN.txt,50.166666666666664,5,5,2.321928094887362,,2
7 7 2 7 7 3 7 7 4 7 7 5 7 7 6,,221107_EDRU.txt,43.285714285714285,15,6,3.9068905956085187,,2.9780948881692613
7 7 5 4 3 7 6 4,,221117_JCHE.txt,64.625,8,5,3,,1.8423709931771088
7 7 6 7 5 5,,221205_DJAN.txt,75.7,6,3,2.584962500721156,,1.9219280948873623
7 7 7 7 7 9 5 7 5 5 7 7 7,,221129_AHOF.txt,54.285714285714285,13,3,3.700439718141092,,1.5510981710072647
7 8 0 3 4 0 8 3,,221101_RCOH.txt,73.625,8,5,3,,2.521640636343318
7 8 9 9 10,,221101_KGAN.txt,35.4,5,4,2.321928094887362,,0.8112781244591328
7 9 11 12 12 10 9 8 8 3 3 9 9,,221114_ZFEN.txt,95.71428571428571,13,7,3.700439718141092,,2.584962500721156
7 9 7 3 9 4 3,,221021_SAPE.txt,62.1875,7,4,2.807354922057604,,2.584962500721156
7 9 7 4 2 0 6,,221021_SAPE.txt,55.15151515151515,7,6,2.807354922057604,,1.7924812503605778
7 9 7 9 7,,221021_AKHA.txt,36.95652173913044,5,2,2.321928094887362,,1
8 0 3 1 7,,221104_RTIA.txt,52,5,5,2.321928094887362,,2
8 1 2 7 4 7 6 4 8 6 4 2 0,,221028_AGRA.txt,79.18181818181819,13,7,3.700439718141092,,2.617492461184755
8 1 3 5 1,,221209_AJED.txt,36.583333333333336,5,4,2.321928094887362,,1.5
8 10 7 5 7 3 7,,221101_RCOH.txt,44,7,5,2.807354922057604,,2.251629167387823
8 10 8 8 3,,221101_KGAN.txt,50.54545454545455,5,3,2.321928094887362,,2
8 10 8 8 8,,221101_KGAN.txt,26,5,2,2.321928094887362,,1.5
8 12,,221110_EGIL.txt,12.916666666666668,2,2,1,,-0
8 2 4 6 7,,221028_GMAC.txt,32,5,5,2.321928094887362,,1.5
8 2 5 1 9 3 9,,221021_SAPE.txt,59.57692307692308,7,6,2.807354922057604,,2.2516291673878226
8 3 10 10 8 4 5 7 3 4 9 10,,221206_HDAN.txt,97.2,12,7,3.584962500721156,,2.845350936622437
8 3 10 3 8 4 3 7 3 4 9 10,,221206_HDAN.txt,75.66666666666667,12,6,3.584962500721156,,2.913977073182752
8 3 10 3 8 4 3 7 3 4 9 4,,221206_HDAN.txt,71.22222222222223,12,6,3.584962500721156,,2.9139770731827523
8 3 10 3 8 4 5 7 3 4 9 10,,221206_HDAN.txt,77.57142857142857,12,7,3.584962500721156,,2.6635327548042547
8 3 10 3 8 9 3 7 3 4 9 4,,221206_HDAN.txt,92.16666666666667,12,6,3.584962500721156,,2.913977073182752
8 3 10 9 8 9 3 7 3 4 9 4,,221206_HDAN.txt,66.66666666666667,12,6,3.584962500721156,,2.9139770731827523
8 4 5 6 2 5 9,,221021_SAPE.txt,59.26086956521739,7,6,2.807354922057604,,1.9182958340544893
8 4 9 2 8,,221028_GMAC.txt,50.333333333333336,5,4,2.321928094887362,,2
8 5 3 8 7 3,,221021_SAPE.txt,48.853658536585364,6,4,2.584962500721156,,2.321928094887362
8 6 0 2 0 2 3 3 9 5,,221201_DSAR.txt,49,10,7,3.321928094887362,,2.725480556997868
8 6 0 9 9 5 0 0 1 8,,221201_DSAR.txt,83,10,6,3.321928094887362,,2.94770277922009
8 6 10 10 2 10 9 9 2 10 5 11,,221206_HDAN.txt,83.22222222222223,12,7,3.584962500721156,,3.095795255000934
8 6 10 10 2 10 9 9 7 10 9 11,,221206_HDAN.txt,95.25,12,7,3.584962500721156,,2.9139770731827523
8 6 10 10 2 4 5 7 3 4 9 10,,221206_HDAN.txt,92.28571428571429,12,9,3.584962500721156,,2.8453509366224368
8 6 10 10 8 10 9 9 8 10 9 11,,221206_HDAN.txt,88.66666666666667,12,5,3.584962500721156,,2.2312702546075758
8 6 10 10 8 4 5 7 3 4 9 10,,221206_HDAN.txt,81.25,12,8,3.584962500721156,,2.663532754804255
8 6 10 10 8 4 5 7 6 8 9 10,,221206_HDAN.txt,78.66666666666667,12,7,3.584962500721156,,2.663532754804255
8 6 10 10 8 4 5 7 7 8 9 10,,221206_HDAN.txt,56.15384615384615,12,7,3.584962500721156,,2.3685225277282065
8 6 10 10 8 4 5 7 8 10 9 10,,221206_HDAN.txt,78,12,7,3.584962500721156,,2.663532754804255
8 6 10 10 8 4 5 7 9 8 9 10,,221206_HDAN.txt,78.45454545454545,12,7,3.584962500721156,,2.663532754804255
8 6 10 10 8 4 6 7 8 10 9 10,,221206_HDAN.txt,84,12,6,3.584962500721156,,2.663532754804255
8 6 10 10 8 4 6 7 8 10 9 11,,221206_HDAN.txt,102.14285714285714,12,7,3.584962500721156,,2.663532754804255
8 6 10 6 8 7 10 7 10 7 9 10,,221206_HDAN.txt,67.81818181818181,12,5,3.584962500721156,,2.9139770731827523
8 6 10 9 8 7 10 7 10 10 9 10,,221206_HDAN.txt,93,12,5,3.584962500721156,,2.5503407095463886
8 6 10 9 8 7 10 7 10 7 9 10,,221206_HDAN.txt,82.77777777777777,12,5,3.584962500721156,,2.663532754804255
8 6 10 9 8 9 3 7 3 4 9 4,,221206_HDAN.txt,77.66666666666667,12,7,3.584962500721156,,2.913977073182752
8 6 2 8 9,,221028_GMAC.txt,40.5,5,4,2.321928094887362,,2
8 6 3 6 6,,221103_HSUN.txt,35.5,5,3,2.321928094887362,,2
8 6 3 8 2,,221025_HYEN.txt,40.75,5,4,2.321928094887362,,2
8 6 4 3 8 10,,221017_ABUR.txt,52.42307692307692,6,5,2.584962500721156,,1.9219280948873623
8 6 4 6 4 2 0 2,,221121_ASAB.txt,56.333333333333336,8,5,3,,0.863120568566631
8 6 6 7 6,,221209_BTRE.txt,49.333333333333336,5,3,2.321928094887362,,2
8 6 7 4 2,,221025_HYEN.txt,54.888888888888886,5,5,2.321928094887362,,1.5
8 6 7 4 5,,221020_ELIU.txt,43.275862068965516,5,5,2.321928094887362,,1.5
8 6 7 4 6,,221025_HYEN.txt,42.6,5,4,2.321928094887362,,2
8 6 7 8 2,,221025_HYEN.txt,57.84615384615385,5,4,2.321928094887362,,1.5
8 6 8 10 11,,221209_BTRE.txt,55.45454545454545,5,4,2.321928094887362,,1.5
8 6 8 6 6 8 8 6 8 6 8 6 8,,221017_ABUR.txt,43.05555555555556,13,2,3.700439718141092,,1.4833557549816874
8 7 3 4 5 6 7 8 9 10 11 4 9,,221110_YAND.txt,92.71428571428571,13,9,3.700439718141092,,1.584962500721156
8 7 5 3 8 10,,221017_ABUR.txt,56.130434782608695,6,5,2.584962500721156,,1.9219280948873623
8 7 6 5 4 3 2 1 0 2 8 2 0,,221110_YAND.txt,38.4,13,9,3.700439718141092,,1.584962500721156
8 7 6 5 4 3 2 1 0 4 0 0 11,,221110_YAND.txt,47.5,13,10,3.700439718141092,,1.584962500721156
8 7 6 5 4 3 2 1 4 5 6 7 8,,221110_YAND.txt,51.09090909090909,13,8,3.700439718141092,,1.2806721295208872
8 7 8 3 3,,221101_KGAN.txt,22.5,5,3,2.321928094887362,,2
8 8 5 3 8 5 2 11 12 8 0 6,,221103_SGOT.txt,90.64285714285714,12,8,3.584962500721156,,3.027169118440619
8 9 10 8 8,,221020_ELIU.txt,38.16,5,3,2.321928094887362,,1.5
8 9 5 2 11,,221028_GMAC.txt,41,5,5,2.321928094887362,,2
9 11 9 9 10,,221101_KGAN.txt,42.45454545454545,5,3,2.321928094887362,,2
9 2 5 8 6,,221025_HYEN.txt,48.8,5,5,2.321928094887362,,1.5
9 3 5 2 8 2 7 0 12,,221117_DSHA.txt,78.5,9,8,3.169925001442312,,2.75
9 3 6 11 10,,221101_RLIN.txt,53,5,5,2.321928094887362,,2
9 3 6 11 2,,221101_RLIN.txt,61.111111111111114,5,5,2.321928094887362,,2
9 3 6 11 5,,221101_RLIN.txt,36.77777777777778,5,5,2.321928094887362,,1.5
9 3 7 0 1 7 3 7 1 10 6 10,,221013_CMCC.txt,75.79166666666667,12,7,3.584962500721156,,2.663532754804255
9 3 8 11 5,,221101_RLIN.txt,52.714285714285715,5,5,2.321928094887362,,1.5
9 3 8 3 1,,221201_DSAR.txt,43.4,5,4,2.321928094887362,,2
9 4 4 4 1,,221209_AJED.txt,53.14285714285714,5,3,2.321928094887362,,1.5
9 4 6 11 2,,221101_RLIN.txt,37.55555555555556,5,5,2.321928094887362,,2
9 4 6 5 8,,221209_SLEE.txt,45.625,5,5,2.321928094887362,,2
9 5 3 7 5,,221116_ILEC.txt,62.857142857142854,5,4,2.321928094887362,,1.5
9 5 6 7 10 5 7 9,,221013_CMCC.txt,59.724137931034484,8,5,3,,2.2359263506290326
9 5 7 6 5,,221101_RLIN.txt,52.2,5,4,2.321928094887362,,1.5
9 5 7 9 5,,221201_DSAR.txt,45.111111111111114,5,3,2.321928094887362,,1
9 5 8 2 9 2 4 8 2 2 11 2 0,,221101_RCOH.txt,91.83333333333333,13,7,3.700439718141092,,3.418295834054489
9 5 8 6 5,,221101_RLIN.txt,37.714285714285715,5,4,2.321928094887362,,2
9 6 0 3 8,,221025_HYEN.txt,53.53846153846154,5,5,2.321928094887362,,2
9 6 3 2 1,,221206_VPAT.txt,36.57142857142857,5,5,2.321928094887362,,1
9 6 5 3 5,,221025_HYEN.txt,45.03333333333333,5,4,2.321928094887362,,2
9 6 5 3 8,,221025_HYEN.txt,40.75,5,5,2.321928094887362,,2
9 7 3 4 5 2 4 7 5 9 7 8 9,,221108_YDIN.txt,101.66666666666667,13,7,3.700439718141092,,2.5220552088742005
9 7 5 11 10 11 10 8,,221121_ASAB.txt,69,8,6,3,,1.8423709931771088
9 7 5 2 6,,221025_HYEN.txt,68.4,5,5,2.321928094887362,,1.5
9 7 5 8 6,,221025_HYEN.txt,71,5,5,2.321928094887362,,0.8112781244591328
9 7 5 9 6,,221025_HYEN.txt,41.666666666666664,5,4,2.321928094887362,,1.5
9 7 6 7 7,,221201_SMAL.txt,45.55555555555556,5,3,2.321928094887362,,2
9 7 7 8 5 4,,221209_GKAN.txt,56.63636363636363,6,5,2.584962500721156,,2.321928094887362
9 8 5 8 5,,221209_AJED.txt,58.875,5,3,2.321928094887362,,1.5
9 8 6 1 7,,221101_KGAN.txt,44.666666666666664,5,5,2.321928094887362,,2
9 8 6 7 7,,221201_SMAL.txt,43.57142857142857,5,4,2.321928094887362,,2
9 8 6 8 9,,221209_SLEE.txt,34.75,5,3,2.321928094887362,,2
9 8 7 6 5 5 6 7 8 9 10 11 12,,221028_AGRA.txt,56.7,13,8,3.700439718141092,,1.2806721295208872
9 8 7 8 7 6 7 6 5 6 0 0 0,,221201_APER.txt,81.66666666666667,13,6,3.700439718141092,,1.7295739585136223
9 8 9 10 12,,221101_KGAN.txt,61.81818181818182,5,4,2.321928094887362,,1.5
9 8 9 10 7,,221101_KGAN.txt,41.63636363636363,5,4,2.321928094887362,,1.5
9 8 9 8 9 8 7 6 5 5 4 3 2 1 0,,221107_EDRU.txt,68.0909090909091,15,10,3.9068905956085187,,0.9463729359854419
9 9 0 9 3 2 9 8,,221101_RCOH.txt,84.44444444444444,8,5,3,,2.5216406363433186
9 9 6 9 7,,221201_SMAL.txt,52.166666666666664,5,3,2.321928094887362,,2
9 9 7 6 5 3 5 7,,221117_JCHE.txt,54,8,5,3,,1.9502120649147465
